{"cameraMode":{"drawMode":2,"name":"Shaded Wireframe","section":"Shading Mode"},"sceneLighting":true,"audioPlay":false,"sceneViewState":{"showFog":true,"showMaterialUpdate":false,"showSkybox":true,"showFlares":true,"showImageEffects":true,"showParticleSystems":true},"in2DMode":false,"pivot":{"x":-3.9137015342712404,"y":-1.1926689147949219,"z":-0.6209659576416016},"rotation":{"x":0.02969314344227314,"y":0.005998281762003899,"z":0.00017862304230220616,"w":-0.9995410442352295},"size":50.02699279785156,"orthographic":true}